{"coefficients": [[0.9967212677001953, 0.03584139421582222, 0.0016624815762043, -0.023830512538552284, 0.0038085440173745155, 0.048694103956222534, -0.28652888536453247, -0.34338611364364624], [-0.01227184571325779, 0.9979546666145325, 0.0014547372702509165, 0.0013058349722996354, -0.0008797278860583901, 2.9492601242964156e-05, -0.17292162775993347, 0.09461893886327744], [-0.09428714960813522, -0.0006697698263451457, 0.8323633074760437, -0.08367180079221725, -0.013907727785408497, -0.10019353777170181, -0.5035426616668701, 0.7482038140296936], [0.04026683419942856, 0.029462773352861404, 0.1440851241350174, 0.8571832776069641, 0.014602155424654484, 0.02666165679693222, -0.6879646182060242, -0.6981320381164551], [0.009951680898666382, -0.0893106535077095, -0.02729685604572296, 0.07802248001098633, 0.24104075133800507, 0.1843487024307251, 0.3309003710746765, 0.5179381370544434], [-0.040495868772268295, -0.00623827101662755, -0.020126203075051308, 0.0713142678141594, -0.0013047036482021213, 0.8563151359558105, 1.039656639099121, 0.45087680220603943]], "intercepts": [-0.06263807415962219, 0.1219060868024826, 0.6059291958808899, -0.08406941592693329, 0.13841761648654938, -0.19354155659675598], "residual_stds": [0.13537244498729706, 0.02893642708659172, 0.4887247383594513, 0.47647789120674133, 0.8989962339401245, 0.49323028326034546], "meta": {"alpha": 1.0, "n_inputs": 8, "n_outputs": 6, "train_samples": 126489, "val_samples": 31623, "val_mae": [0.10258626192808151, 0.02176477201282978, 0.3723585307598114, 0.3675782084465027, 0.3666476905345917, 0.3688332438468933], "val_r2": [0.9817107319831848, 0.9991549253463745, 0.7624620795249939, 0.7739353179931641, 0.0648658275604248, 0.7555591464042664], "var_names": ["temp_c", "pressure_hpa", "u_ms", "v_ms", "precip_mm", "rh_pct"]}}