{"gfs_temp_c": {"mean": 15.605667501517914, "std": 9.255119085792325}, "gfs_pres_hpa": {"mean": 1004.7888028739122, "std": 13.709984874493829}, "gfs_u_ms": {"mean": -0.0724960737495605, "std": 2.2144472604095524}, "gfs_v_ms": {"mean": -0.48693688446075273, "std": 2.448196421046263}, "gfs_precip_mm": {"mean": 0.08485554543614651, "std": 1.1557385362838024}, "gfs_rh_pct": {"mean": 70.45106000809552, "std": 18.655143819092707}, "obs_temp_c": {"mean": 15.90877542501518, "std": 9.030490454296931}, "obs_pres_hpa": {"mean": 1004.9526791135397, "std": 13.597414509796982}, "obs_u_ms": {"mean": -0.26350792917286614, "std": 2.5670161205138857}, "obs_v_ms": {"mean": -0.270943967165077, "std": 2.51337758632105}, "obs_precip_mm": {"mean": 0.11610693685488768, "std": 0.5149818369289729}, "obs_rh_pct": {"mean": 71.1017063853471, "std": 17.21054963834976}}