{"gfs_temp_c": {"mean": 14.256495715897668, "std": 11.070291287226148}, "gfs_pres_hpa": {"mean": 986.7559555842129, "std": 33.32614813090477}, "gfs_u_ms": {"mean": -0.06840492465964158, "std": 2.5842730674735614}, "gfs_v_ms": {"mean": -0.5213614993585015, "std": 2.412207797711151}, "gfs_precip_mm": {"mean": 0.07086455788808019, "std": 1.1974903450887315}, "gfs_rh_pct": {"mean": 65.09041253859412, "std": 22.11038860822969}, "obs_temp_c": {"mean": 14.583830892655657, "std": 11.038845515209022}, "obs_pres_hpa": {"mean": 987.2661355041106, "std": 33.002838757225575}, "obs_u_ms": {"mean": -0.229788500112363, "std": 2.6107158678811966}, "obs_v_ms": {"mean": -0.5298652975295466, "std": 2.4369801941747973}, "obs_precip_mm": {"mean": 0.09106525971207854, "std": 0.4434463225763975}, "obs_rh_pct": {"mean": 64.85745161010328, "std": 21.299180647981693}}