{"gfs_temp_c": {"mean": 14.393395962363023, "std": 10.812629135454683}, "gfs_pres_hpa": {"mean": 986.5417392210579, "std": 33.284154122550696}, "gfs_u_ms": {"mean": -0.08072015395592592, "std": 2.610522417700453}, "gfs_v_ms": {"mean": -0.5170564765752192, "std": 2.4230494586027356}, "gfs_precip_mm": {"mean": 0.07605249523582659, "std": 1.2824650768179944}, "gfs_rh_pct": {"mean": 65.11943187232015, "std": 22.04926120454141}, "obs_temp_c": {"mean": 14.742955425202478, "std": 10.773773135194507}, "obs_pres_hpa": {"mean": 987.0282996367324, "std": 32.978332613700964}, "obs_u_ms": {"mean": -0.2600494100419811, "std": 2.6259489337490556}, "obs_v_ms": {"mean": -0.5289878747745813, "std": 2.4424916350604313}, "obs_precip_mm": {"mean": 0.09403629704621248, "std": 0.4492174476223293}, "obs_rh_pct": {"mean": 64.81228412339209, "std": 21.159383932844296}}