{"gfs_temp_c": {"mean": 14.165717759252246, "std": 10.87409264686165}, "gfs_pres_hpa": {"mean": 970.4399316081423, "std": 54.64630279560038}, "gfs_u_ms": {"mean": -0.1321367007426027, "std": 2.6315503279367993}, "gfs_v_ms": {"mean": -0.48174850123583285, "std": 2.438511004140729}, "gfs_precip_mm": {"mean": 0.07048050608395437, "std": 1.2112669444446515}, "gfs_rh_pct": {"mean": 62.9280188202602, "std": 23.135181800314626}, "obs_temp_c": {"mean": 14.552528577744095, "std": 10.81994492383081}, "obs_pres_hpa": {"mean": 971.1169961264786, "std": 54.05060662888133}, "obs_u_ms": {"mean": -0.29558442312592215, "std": 2.568926937524026}, "obs_v_ms": {"mean": -0.49236057956346635, "std": 2.405215416003696}, "obs_precip_mm": {"mean": 0.08891928234600646, "std": 0.4303205622921622}, "obs_rh_pct": {"mean": 62.90261725822071, "std": 22.09227706568406}}